Word,Freq
,
Admiral,554
The,513
I,428
leagues,263
He,257
island,248
They,217
made,215
would,201
land,191
people,188
saw,176
came,175
night,175
one,168
miles,165
much,162
many,151
de,144
great,143
could,141
said,139
says,138
gold,138
good,130
day,125
found,123
wind,123
sea,121
went,121
two,120
like,119
large,119
go,116
course,114
ship,109
islands,105
port,99
Indians,98
also,97
It,94
river,93
gave,91
see,89
This,88
caravel,87
seen,86
east,86
men,85
might,84
sent,84
shore,84
another,83
well,81
without,78
distance,78
king,78
boat,76
three,74
water,74
called,73
board,73
others,71
At,70
THE,69
come,69
OF,68
th,67
near,67
ordered,65
time,64
west,62
point,61
ships,60
brought,60
coast,59
trees,58
took,57
left,55
In,54
Cabo,54
Las,52
high,52
Sovereigns,52
Highnesses,51
give,51
little,51
hour,50
steered,50
But,50
Castille,50
Casas,50
things,50
Christians,50
cape,50
name,49
must,49
given,49
beautiful,49
may,48
sunrise,46
natives,46
After,46
A,45
small,45
sailors,44
place,44
signs,44
All,44
Puerto,44
sunset,43
afterwards,43
appeared,43
take,42
del,41
There,41
north,41
owing,41
Lord,41
women,41
canoe,41
village,41
As,40
houses,40
man,40
sail,40
Martin,39
fear,39
make,38
days,38
believe,38
entrance,38
thought,37
Pinta,37
say,37
rocks,37
side,37
voyage,36
first,36
God,36
round,36
got,36
Alonso,35
taken,35
return,35
Spain,35
except,35
know,35
far,35
mountains,35
January,35
Saturday,34
never,34
San,34
named,33
south,33
Sunday,33
nothing,33
For,33
Friday,32
Thursday,32
get,32
birds,32
fine,32
six,32
fathoms,32
league,31
Tuesday,31
always,31
knew,31
world,31
When,31
seemed,31
hours,31
anchor,31
December,31
put,30
Monday,30
making,30
On,30
weather,30
country,30
King,29
certain,29
Afterwards,29
Here,29
crew,29
showed,29
bring,29
anchored,29
done,29
February,29
part,28
lands,28
arms,28
Wednesday,28
reached,28
September,28
wanted,28
green,28
arrived,28
These,28
away,28
us,28
Cuba,28
November,28
Columbus,27
four,27
received,27
though,27
returned,27
mouth,27
Espanola,27
half,26
la,26
Santa,26
long,26
soon,26
going,26
told,26
boats,26
beach,26
canoes,26
pieces,26
upon,26
find,25
weed,25
understood,25
clear,25
depth,25
equal,24
order,24
believed,24
although,24
distant,24
ten,24
NATIVES,24
Maria,23
Pinzon,23
even,23
wished,23
leave,23
Spaniards,23
So,23
rivers,23
back,23
better,23
light,23
deep,23
five,23
able,22
among,22
reach,22
end,22
words,22
captain,22
asked,22
whole,22
anything,22
house,22
beads,22
cotton,22
understand,22
eat,22
Indies,21
Nina,21
rest,21
morning,21
began,21
piece,21
reason,21
heaven,21
wish,21
set,21
heard,21
behind,21
whence,21
naked,21
glass,21
within,21
bottom,21
Punta,21
Indian,21
Monte,21
towards,20
mountain,20
several,20
dawn,20
covered,20
fresh,20
along,20
Rio,20
yet,19
remained,19
thing,19
size,19
gone,19
less,19
best,19
head,19
thanks,19
fish,19
language,19
fled,19
bread,19
thousand,19
orders,18
town,18
cross,18
kept,18
direction,18
shaped,18
From,18
calm,18
That,18
hand,18
full,18
sight,18
hands,18
whether,18
air,18
saying,18
seeing,18
Presently,18
quantity,18
according,18
ran,18
yesterday,18
determined,18
different,18
call,18
enter,18
year,17
vessels,17
route,17
work,17
Some,17
way,17
cap,17
Diego,17
counted,17
rain,17
sign,17
necessary,17
Thus,17
October,17
desired,17
honour,17
Tortuga,17
account,16
master,16
shall,16
Portugal,16
run,16
true,16
smooth,16
none,16
close,16
Salvador,16
kinds,16
bore,16
reef,16
mastick,16
wonderful,16
wide,16
company,16
news,16
March,16
departed,15
passed,15
sailed,15
Juan,15
Herrera,15
caravels,15
remain,15
continued,15
respecting,15
nearly,15
met,15
everything,15
During,15
still,15
running,15
show,15
known,15
bay,15
Yesterday,15
Santo,15
parts,14
Chief,14
ing,14
length,14
fell,14
discovered,14
number,14
turned,14
caused,14
pleasure,14
Seville,14
deal,14
appear,14
places,14
See,14
coming,14
shape,14
giving,14
sailor,14
Rodrigo,14
neither,14
exchange,14
hundred,14
twelve,14
beauty,14
speech,14
spices,14
entered,14
Babeque,14
eastward,14
Cacique,14
service,13
thence,13
pilot,13
old,13
vessel,13
Cape,13
times,13
bows,13
rate,13
pleased,13
afternoon,13
eleven,13
Guinea,13
alongside,13
noon,13
Many,13
lost,13
however,13
quarter,13
landed,13
bringing,13
short,13
almost,13
hold,13
sunken,13
carried,13
harbour,13
stones,13
inland,13
cultivated,13
Cristi,13
ever,12
city,12
May,12
resolved,12
danger,12
position,12
Then,12
wood,12
bird,12
herbs,12
therefore,12
leaving,12
killed,12
desire,12
thick,12
placed,12
sighted,12
information,12
last,12
armed,12
letter,12
years,12
depart,12
villages,12
looked,12
let,12
harm,12
worth,12
doubt,12
islet,12
clean,12
Mares,12
weigh,12
valley,12
Cordova,12
navigated,11
Gran,11
Gomera,11
nd,11
else,11
Pedro,11
either,11
reported,11
rather,11
April,11
cause,11
white,11
sun,11
delay,11
search,11
pleasant,11
heavy,11
Cipango,11
look,11
daylight,11
inhabitants,11
force,11
parrots,11
bells,11
fastened,11
presently,11
larger,11
wore,11
fertile,11
winds,11
thus,11
open,11
anchorage,11
need,11
rock,11
low,11
beyond,11
Bohio,11
arrows,11
FROM,10
sleep,10
inhabited,10
used,10
intended,10
sails,10
Azores,10
especially,10
blow,10
adds,10
st,10
keep,10
Lisbon,10
poop,10
watch,10
Letter,10
brother,10
darts,10
cut,10
fair,10
enough,10
flat,10
want,10
ground,10
barter,10
word,10
eight,10
across,10
cold,10
mainland,10
plenty,10
felt,10
yams,10
ought,10
chief,10
opening,10
gulf,10
shown,10
foot,10
reefs,10
Caribs,10
August,9
new,9
Saltes,9
proceeded,9
Canaries,9
formed,9
longer,9
pilots,9
height,9
Hierro,9
Madeira,9
Lib,9
current,9
already,9
counting,9
needle,9
To,9
observed,9
manner,9
middle,9
astonished,9
Toscanelli,9
tion,9
think,9
reckoning,9
held,9
appears,9
midnight,9
mainsail,9
red,9
Their,9
wear,9
ask,9
tree,9
whatever,9
pearls,9
fortress,9
numerous,9
TO,9
send,9
stop,9
anchors,9
excellent,9
least,9
scarcely,9
unlike,9
single,9
nets,9
contrary,9
Before,9
Can,9
stand,9
ports,9
built,9
persons,9
valleys,9
WITH,9
glasses,9
Navidad,9
Duke,9
Don,8
son,8
letters,8
Oviedo,8
largest,8
Vicente,8
chart,8
strong,8
church,8
Our,8
speak,8
nearer,8
whose,8
westward,8
Portuguese,8
considered,8
unable,8
clouds,8
soft,8
wait,8
beating,8
windward,8
passing,8
caught,8
feet,8
food,8
sandpipers,8
finding,8
replied,8
line,8
p,8
One,8
kind,8
worked,8
waiting,8
fruits,8
required,8
value,8
age,8
pointed,8
religion,8
If,8
including,8
regards,8
home,8
leaves,8
pass,8
ears,8
climate,8
channel,8
Fernandina,8
native,8
stood,8
IN,8
inside,8
collected,8
manuscript,8
touched,8
sand,8
dark,8
present,8
runs,8
Another,8
pepper,8
state,8
principal,8
road,8
smoke,8
evil,8
peopled,8
right,8
next,8
population,8
Juana,8
woman,8
CHIEF,8
discover,7
taking,7
write,7
third,7
proper,7
western,7
bar,7
front,7
Huelva,7
printed,7
district,7
belonged,7
help,7
every,7
altered,7
supposed,7
Having,7
discoveries,7
object,7
ahead,7
LAND,7
booby,7
boobies,7
previous,7
flight,7
whither,7
painted,7
AND,7
boy,7
increased,7
possible,7
greatest,7
altogether,7
sometimes,7
Queen,7
rising,7
II,7
Island,7
form,7
skeins,7
mothers,7
young,7
hair,7
colour,7
eyes,7
nose,7
intention,7
legs,7
afraid,7
extensive,7
narrow,7
seven,7
DE,7
month,7
war,7
knowing,7
contained,7
offered,7
neck,7
something,7
mine,7
navigate,7
explore,7
outside,7
plain,7
width,7
Your,7
weighed,7
sending,7
visit,7
flowers,7
COAST,7
proceed,7
blowing,7
CUBA,7
waves,7
rough,7
mines,7
children,7
Principe,7
heads,7
entering,7
sky,7
province,7
roots,7
reverence,7
seem,7
streams,7
eaten,7
Cadiz,7
Cinquin,7
Nicholas,7
copy,7
treated,7
favour,7
HOMEWARD,7
BOUND,7
vow,7
Palos,6
supplied,6
departure,6
Princes,6
ness,6
breeze,6
Lady,6
property,6
anxiety,6
secured,6
described,6
wards,6
origin,6
drawn,6
Sanchez,6
wrote,6
An,6
needles,6
marvellous,6
turn,6
Andalusia,6
quite,6
since,6
His,6
means,6
sure,6
rd,6
rose,6
Marco,6
Polo,6
hitherto,6
reward,6
declared,6
fruit,6
region,6
stone,6
promised,6
rise,6
J,6
iron,6
Gutierrez,6
sandy,6
besides,6
lay,6
derived,6
expedition,6
Fernando,6
faith,6
threads,6
race,6
youths,6
black,6
ways,6
learn,6
bits,6
use,6
names,6
transcriber,6
Santangel,6
trends,6
visible,6
casks,6
customs,6
level,6
branches,6
colours,6
soundings,6
dogs,6
rocky,6
looking,6
sorrow,6
person,6
examine,6
hope,6
banks,6
Beyond,6
hard,6
twenty,6
throughout,6
hill,6
reasons,6
dinner,6
collect,6
timid,6
sat,6
peace,6
increase,6
serve,6
reaching,6
cables,6
havens,6
greater,6
bearing,6
parted,6
thinking,6
bad,6
gap,6
Campana,6
paces,6
copper,6
ESPANOLA,6
capture,6
veered,6
instead,6
Arana,6
GOLD,6
storm,6
Amiga,6
filled,6
Guacanagari,6
Villa,6
Francisco,6
Plata,6
lot,6
Ocean,5
Sea,5
Canária,5
arrive,5
describe,5
We,5
late,5
Spanish,5
Jth,5
truth,5
obtain,5
fire,5
belief,5
tidings,5
Behaim,5
FOR,5
VOYAGE,5
progress,5
mast,5
early,5
variation,5
anyone,5
succeeded,5
live,5
easterly,5
ascertain,5
aft,5
extending,5
blew,5
together,5
las,5
nightfall,5
yd,5
temperate,5
steer,5
quickly,5
winter,5
changed,5
added,5
original,5
wax,5
Guanahani,5
getting,5
royal,5
friendship,5
easily,5
love,5
swimming,5
bodies,5
wonderfully,5
trouble,5
often,5
allow,5
obtained,5
Now,5
describes,5
surrounded,5
laid,5
tide,5
followed,5
jumped,5
FERNANDINA,5
presents,5
shots,5
lombard,5
knowledge,5
alone,5
receive,5
please,5
gather,5
mentioned,5
Espahola,5
lie,5
rained,5
ISABELLA,5
Isabella,5
higher,5
shallow,5
clothed,5
specimens,5
aloes,5
arrival,5
profitable,5
nights,5
safe,5
Baracoa,5
journey,5
homes,5
degrees,5
silver,5
trade,5
notice,5
cinnamon,5
carrying,5
infinite,5
gentle,5
beans,5
yield,5
plant,5
important,5
custom,5
sit,5
answered,5
favourable,5
leaf,5
Chios,5
nesses,5
detained,5
arriving,5
act,5
relation,5
leeward,5
La,5
visited,5
due,5
pines,5
probably,5
nine,5
Bay,5
similar,5
followers,5
become,5
settlement,5
Inside,5
INTERCOURSE,5
spoke,5
extreme,5
Thence,5
Bahia,5
Seeing,5
subjects,5
Alguazil,5
Secretary,5
Espaiiola,5
written,5
case,5
wine,5
remedy,5
channels,5
showing,5
Carib,5
granted,5
gain,4
provisions,4
belonging,4
Also,4
Lords,4
Nino,4
navigation,4
certainly,4
fixed,4
unknown,4
Fernandez,4
No,4
hermitage,4
PINTA,4
rudder,4
Finally,4
Tenerife,4
square,4
affirmed,4
Dec,4
ix,4
mariners,4
tried,4
charts,4
globe,4
glory,4
badly,4
fall,4
steering,4
currents,4
somewhat,4
North,4
grass,4
judged,4
main,4
makes,4
trust,4
fast,4
sailer,4
multitude,4
flying,4
crossed,4
Flores,4
really,4
onwards,4
exactly,4
Two,4
proceeding,4
Most,4
depicted,4
coasts,4
dorados,4
correct,4
respect,4
fired,4
SIGHTED,4
branch,4
signals,4
moon,4
candle,4
accustomed,4
maravedis,4
Perez,4
Domingo,4
ADMIRAL,4
Yanez,4
captains,4
crown,4
possession,4
forth,4
discovery,4
converted,4
friends,4
marvel,4
exchanged,4
paint,4
intelligent,4
holding,4
calabashes,4
precious,4
centre,4
broken,4
abundance,4
noses,4
EXPLORING,4
cried,4
forming,4
unless,4
examined,4
otherwise,4
dc,4
mistake,4
escape,4
seized,4
free,4
contain,4
highly,4
care,4
brass,4
sow,4
wonder,4
wild,4
yellow,4
HARBOUR,4
boys,4
bartering,4
material,4
girls,4
sprang,4
continue,4
lovely,4
causes,4
smell,4
returning,4
event,4
suggests,4
herbage,4
concealed,4
valuable,4
tell,4
content,4
fully,4
believing,4
aloe,4
merchandise,4
foresail,4
mizen,4
eye,4
beat,4
palm,4
harbours,4
gathered,4
Within,4
Navarrete,4
ornaments,4
supply,4
cattle,4
sweet,4
suitable,4
lofty,4
RIO,4
MARES,4
equinoctial,4
grand,4
shelter,4
gale,4
buy,4
directions,4
COUNTRY,4
view,4
pointing,4
captured,4
precaution,4
nations,4
receiving,4
And,4
life,4
Returning,4
site,4
fort,4
gifts,4
husband,4
suffered,4
bowline,4
palms,4
East,4
table,4
fires,4
creek,4
grow,4
tall,4
considering,4
southerly,4
blunder,4
forms,4
Guarico,4
Caniba,4
feared,4
rid,4
cultivation,4
intercourse,4
build,4
namely,4
satisfied,4
sailing,4
joined,4
prayers,4
trusted,4
Majesty,4
plains,4
Conception,4
sheltered,4
dressed,4
While,4
grains,4
tutor,4
councillors,4
VISIT,4
fit,4
opposition,4
Baneque,4
necessity,4
Tomas,4
SAILING,4
mask,4
prevent,4
seeds,4
brothers,4
rhubarb,4
MONTE,4
barrel,4
human,4
Vincent,4
cloth,4
tunnies,4
terns,4
terrible,4
pilgrimage,4
ballast,4
storms,4
João,4
sufficient,3
fleet,3
India,3
Granada,3
seaport,3
suited,3
happen,3
note,3
Cosa,3
Santona,3
served,3
DEPARTURE,3
positions,3
book,3
labour,3
attached,3
title,3
woods,3
preserved,3
Marquis,3
Italian,3
repaired,3
Peraza,3
mother,3
By,3
confirmed,3
detail,3
common,3
seas,3
Verde,3
centuries,3
beginning,3
continent,3
Colon,3
arranged,3
complained,3
alarmed,3
VARIATION,3
westerly,3
breezes,3
nightingales,3
star,3
Journal,3
WEATHER,3
appearing,3
crabs,3
salt,3
habit,3
change,3
pole,3
earth,3
gull,3
singing,3
northerly,3
situated,3
approached,3
fallen,3
joy,3
Those,3
distances,3
constructed,3
Day,3
mild,3
calms,3
Islands,3
wanting,3
hear,3
ABOUT,3
Course,3
usual,3
week,3
wise,3
deck,3
error,3
Throughout,3
fifteen,3
cane,3
bit,3
rejoiced,3
affirm,3
servant,3
Segovia,3
falling,3
Salve,3
sing,3
Africa,3
Long,3
F,3
Escovedo,3
bear,3
presence,3
necks,3
handsome,3
horse,3
Canarians,3
faces,3
various,3
stature,3
ISLAND,3
GUANAHANI,3
Nor,3
expected,3
smaller,3
begin,3
thread,3
shaping,3
attack,3
bright,3
longing,3
Still,3
crockery,3
lose,3
ready,3
ii,3
abundant,3
loud,3
drink,3
Christendom,3
established,3
appearance,3
My,3
stay,3
swam,3
dried,3
bartered,3
basket,3
treacle,3
trifles,3
cloths,3
los,3
corn,3
Christianity,3
serpent,3
failed,3
circuit,3
follow,3
trending,3
Both,3
Port,3
verdure,3
beds,3
booths,3
palmo,3
ends,3
hamaca,3
remains,3
consisted,3
net,3
threatened,3
tells,3
cleared,3
BEAUTY,3
hills,3
angle,3
groves,3
vegetation,3
songs,3
feel,3
assured,3
walking,3
lagoon,3
palmos,3
quintals,3
delighted,3
judging,3
settle,3
deliver,3
flourishing,3
equally,3
willingly,3
riches,3
rich,3
June,3
dead,3
hot,3
thither,3
map,3
consisting,3
ARRIVAL,3
fishermen,3
lived,3
experienced,3
row,3
communicate,3
streets,3
PUERTO,3
taste,3
everyone,3
shells,3
N,3
attempt,3
Cathay,3
informed,3
strangers,3
reassured,3
sought,3
messengers,3
repeat,3
raised,3
stated,3
ENVOYS,3
decided,3
Torres,3
household,3
believes,3
transcription,3
fuel,3
explored,3
ascended,3
vicinity,3
BoJiio,3
seek,3
law,3
chesnuts,3
impossible,3
RETURN,3
season,3
flesh,3
quantities,3
bundle,3
effect,3
profit,3
destroyed,3
kingdoms,3
Christian,3
volume,3
nth,3
Without,3
vast,3
lords,3
Others,3
father,3
prudent,3
Sierras,3
Moa,3
islets,3
second,3
bases,3
praise,3
top,3
carrack,3
usually,3
carpenter,3
meaning,3
tunny,3
vespers,3
quadrant,3
avarice,3
lantern,3
AN,3
approach,3
surf,3
arbutus,3
supplies,3
remarkable,3
Among,3
fourth,3
scene,3
DISCOVERY,3
galley,3
suffice,3
readily,3
assure,3
related,3
comparison,3
tille,3
benches,3
liked,3
relations,3
accompanied,3
fields,3
foul,3
shot,3
led,3
face,3
drew,3
feathers,3
asking,3
eastern,3
H,3
Further,3
happened,3
standing,3
Elefante,3
Isla,3
PORT,3
crops,3
range,3
plants,3
protected,3
bank,3
opposite,3
enterprise,3
guests,3
finer,3
difference,3
anchoring,3
Guadalquivir,3
trinkets,3
youth,3
explained,3
coloured,3
sharp,3
beaten,3
menacing,3
viands,3
Of,3
attendant,3
girdle,3
disposal,3
neighbouring,3
Caribata,3
DIRECTIONS,3
England,3
jars,3
PRAISE,3
heart,3
difficulty,3
Christmas,3
Gentleman,3
guarded,3
covetousness,3
SETTLEMENT,3
advisable,3
provision,3
evening,3
Anes,3
shirts,3
artillery,3
officers,3
dated,3
impede,3
gives,3
CRISTI,3
wooden,3
mermaids,3
SAMANA,3
Samana,3
Enamorado,3
tuob,3
pick,3
safety,3
Rico,3
Matinino,3
story,3
died,3
colder,3
BAD,3
thirteen,3
Roldan,3
Mass,3
complied,3
PORTUGUESE,3
hearing,3
Miguel,3
released,3
LISBON,3
Manoel,3
COLUMBUS,2
Viceroy,2
Governor,2
eldest,2
generation,2
navigating,2
comply,2
noting,2
owned,2
calls,2
tons,2
commanded,2
owners,2
seamen,2
propose,2
latitude,2
Above,2
century,2
towns,2
preserve,2
memory,2
founded,2
chase,2
Ayamonte,2
Count,2
shorter,2
equivalent,2
became,2
command,2
suspected,2
Cristobal,2
shipped,2
proved,2
COMERA,2
pains,2
rigged,2
lateen,2
Ines,2
oath,2
daughter,2
married,2
IV,2
Borondon,2
vulgar,2
Viera,2
repair,2
history,2
Espana,2
Antilia,2
affirms,2
Isles,2
prevailed,2
merit,2
arisen,2
previously,2
foreigners,2
declare,2
false,2
TWO,2
RECKONINGS,2
result,2
annoyance,2
yth,2
terrified,2
letting,2
COMPASS,2
tern,2
boatswain,2
Star,2
Garjao,2
junco,2
mornings,2
tufts,2
ijth,2
movement,2
victories,2
hoped,2
detected,2
proximity,2
generally,2
willing,2
constantly,2
carefully,2
astrolabe,2
flew,2
later,2
trary,2
occasionally,2
captivity,2
conversed,2
accounts,2
idea,2
positively,2
rigging,2
feigned,2
translated,2
el,2
passage,2
gth,2
Owing,2
nightingale,2
Later,2
MORE,2
twice,2
stars,2
comes,2
move,2
reduced,2
fore,2
avoid,2
forty,2
numbers,2
signal,2
join,2
following,2
D,2
SAILORS,2
handwriting,2
endure,2
advantages,2
Up,2
Triana,2
Pero,2
chamber,2
horizon,2
shining,2
shores,2
Lepe,2
forecastle,2
spoken,2
shortened,2
bonnets,2
hove,2
latter,2
Vita,2
tangei,2
translation,2
banners,2
diverse,2
writing,2
assembled,2
What,2
actual,2
freed,2
holy,2
poor,2
coarse,2
hairs,2
carry,2
swords,2
wands,2
tooth,2
prisoners,2
hence,2
beast,2
broke,2
loose,2
broad,2
straight,2
trunk,2
swim,2
recount,2
possessed,2
lake,2
possess,2
grown,2
admit,2
ascertaining,2
intend,2
coin,2
plates,2
calling,2
throwing,2
simple,2
fifty,2
Close,2
CONCEPCION,2
numbered,2
facing,2
trended,2
rings,2
overtaken,2
advantage,2
fowls,2
doubtful,2
omitted,2
astern,2
cast,2
friendly,2
discovering,2
worn,2
Being,2
calabash,2
brown,2
valued,2
string,2
pleasing,2
require,2
money,2
report,2
offer,2
disposed,2
finest,2
delight,2
beasts,2
sheep,2
South,2
Samoet,2
desirable,2
walked,2
beholding,2
arc,2
resemblance,2
Paramentos,2
casa,2
loops,2
fingers,2
hamacas,2
cords,2
cover,2
post,2
E,2
eighteen,2
castellano,2
approaching,2
points,2
dog,2
barks,2
English,2
courses,2
Bird,2
Rock,2
SCENERY,2
fiat,2
tire,2
medicines,2
Arriving,2
delicious,2
interior,2
goes,2
separated,2
Saometo,2
dangerous,2
patches,2
missing,2
EXPEDITION,2
lagoons,2
requested,2
presented,2
fill,2
requesting,2
China,2
Kinsay,2
hawk,2
bell,2
Isleo,2
residence,2
special,2
months,2
cool,2
canvas,2
Soon,2
furled,2
group,2
Such,2
sides,2
AT,2
jtJi,2
nearest,2
dangers,2
beheld,2
bordering,2
nature,2
sweetly,2
covering,2
abundantly,2
gtk,2
goodly,2
improve,2
swept,2
beautifully,2
Naranjo,2
Nipe,2
Nuevitas,2
c,2
Adelantado,2
worshipped,2
bark,2
fishing,2
ments,2
tired,2
cows,2
crickets,2
heat,2
tempered,2
attributed,2
description,2
Near,2
summit,2
Palmas,2
calculated,2
fancied,2
wherever,2
Navigating,2
confidence,2
merchants,2
prayer,2
Zaiton,2
laden,2
statement,2
yy,2
With,2
instructions,2
altitude,2
erroneous,2
foliage,2
bundles,2
nutmegs,2
cannibals,2
drank,2
empty,2
careened,2
g,2
ordain,2
kissing,2
Master,2
cipal,2
chairs,2
begged,2
cities,2
dry,2
wishing,2
careless,2
geese,2
yielded,2
trifle,2
Men,2
devout,2
religious,2
rolled,2
resolve,2
diligence,2
convert,2
Holy,2
eternal,2
lordships,2
afloat,2
prepared,2
talked,2
bars,2
KIDNAPPING,2
populous,2
famous,2
Much,2
amongst,2
adopt,2
begun,2
dig,2
infinity,2
ripe,2
ruled,2
ducats,2
exported,2
Five,2
useful,2
enjoyed,2
languages,2
excused,2
Romans,2
acted,2
occasion,2
considers,2
misfortunes,2
peaks,2
forenoon,2
JJ,2
sary,2
dare,2
snow,2
innumerable,2
Far,2
extend,2
Mar,2
speaks,2
fertility,2
reigns,2
hundredth,2
marvels,2
lighted,2
timbers,2
canes,2
fished,2
absence,2
animal,2
complains,2
DEL,2
PRINCIPE,2
shell,2
enormous,2
panied,2
l,2
started,2
PINZON,2
remarks,2
figures,2
transcribing,2
REPORTS,2
opportunity,2
talk,2
G,2
Nuestra,2
Senora,2
occupied,2
exploring,2
spent,2
sound,2
exaggerate,2
stout,2
perceived,2
masts,2
margasita,2
enable,2
affect,2
Pico,2
Maravi,2
Along,2
indications,2
cowardly,2
inclined,2
lee,2
freshness,2
complete,2
hauled,2
furthest,2
mouths,2
resist,2
landing,2
retired,2
arose,2
praised,2
diversified,2
Maici,2
ADVANTAGES,2
delightful,2
benefit,2
bed,2
subject,2
Catholic,2
dug,2
big,2
thatched,2
clothes,2
ancestor,2
bare,2
actually,2
exists,2
blows,2
hardened,2
stern,2
trembling,2
kill,2
sword,2
peculiar,2
Passing,2
source,2
Lindo,2
barely,2
Probably,2
Hayti,2
learnt,2
Estrella,2
Escudo,2
NICHOLAS,2
Nicolas,2
equalled,2
convenient,2
surprising,2
ilex,2
Towards,2
properly,2
Carenero,2
trusting,2
sustain,2
Behind,2
IO,2
intervening,2
flowing,2
Its,2
cable,2
surprised,2
roads,2
According,2
extent,2
sends,2
countrymen,2
Each,2
dace,2
hake,2
chiefly,2
Christ,2
crowd,2
munications,2
She,2
goods,2
eating,2
honoured,2
shoulders,2
skins,2
compared,2
TORTUGA,2
clay,2
mountainous,2
fetch,2
arm,2
INDIAN,2
gentlest,2
entertain,2
Baneqtie,2
highest,2
raise,2
powder,2
thin,2
lbs,2
march,2
taught,2
enclosed,2
Canibales,2
character,2
throw,2
traversed,2
Escobedo,2
mean,2
Jamaica,2
x,2
Annunciation,2
lombards,2
litter,2
dining,2
promptitude,2
watched,2
sorry,2
easy,2
honourably,2
castellanos,2
NEWS,2
respected,2
stopped,2
attendants,2
feeling,2
looks,2
Margot,2
ACUL,2
Acúl,2
date,2
born,2
ajes,2
earthen,2
wills,2
visitors,2
crying,2
invite,2
Between,2
flows,2
contains,2
door,2
friend,2
willingness,2
holds,2
invited,2
concluded,2
grant,2
chiefs,2
sons,2
Caribatan,2
festival,2
K,2
judge,2
noticed,2
loving,2
Tomé,2
tiller,2
entrusted,2
helm,2
Islã,2
Frances,2
aground,2
Her,2
opened,2
arrange,2
wept,2
weeping,2
talking,2
text,2
Cibao,2
dined,2
game,2
shirt,2
gloves,2
bow,2
warned,2
tower,2
obey,2
preparations,2
sowing,2
caulker,2
gunner,2
cooper,2
wave,2
settled,2
treachery,2
saved,2
gained,2
ton,2
conquest,2
building,2
aside,2
couch,2
nephew,2
understanding,2
working,2
Guarionex,2
kings,2
represented,2
root,2
painting,2
business,2
encounter,2
loaded,2
lieutenants,2
Bedchamber,2
Alonzo,2
Osório,2
Antonio,2
Jaen,2
Álvaro,2
Cristoval,2
Garcia,2
Mendoza,2
Avila,2
Gabriel,2
Gonzalo,2
Leon,2
Jorge,2
L,2
grace,2
punishment,2
permission,2
tent,2
navigable,2
Alfaneque,2
Hazard,2
barn,2
Manzanillo,2
Should,2
morro,2
public,2
Even,2
accurate,2
leading,2
pride,2
works,2
OTHER,2
ISLANDS,2
absent,2
miraculously,2
Yaniaye,2
loaf,2
unworthy,2
secure,2
mutinous,2
Santiago,2
thinks,2
Oro,2
venture,2
suggested,2
alluded,2
Coast,2
offence,2
Gracia,2
Belprado,2
Angel,2
monastery,2
Punia,2
exposed,2
Jupiter,2
Theramo,2
stormy,2
World,2
Ciguayos,2
SAM,2
n,2
signed,2
knife,2
M,2
mercy,2
ago,2
Guadaloupe,2
entirely,2
Canary,2
Flechas,2
freshened,2
direct,2
Conil,2
created,2
immense,2
grew,2
gl,2
Í,2
daytime,2
fearful,2
lightning,2
moderated,2
terrific,2
straining,2
reefed,2
tempest,2
swamped,2
miracles,2
REFLECTIONS,2
STORM,2
procession,2
general,2
victory,2
orphans,2
parchment,2
thrown,2
bonnet,2
Cintra,2
picked,2
documents,2
slept,2
Escribano,2
Racion,2
Barcelona,2
unique,2
edition,2
transcript,2
TREACHERY,2
recover,2
security,2
power,2
proposed,2
displayed,2
split,2
Rasteio,2
payment,2
agents,2
submit,2
knights,2
Sacanben,2
residing,2
capitulation,2
cousin,2
Bejar,2
treating,2
Llandra,2
journal,2
JOURNAL,1
concessions,1
ennobled,1
henceforward,1
perpetual,1
continents,1
hereafter,1
succeed,1
equipped,1
princes,1
duty,1
punctually,1
mentions,1
Gallega,1
family,1
oy,1
Yahez,1
Nihos,1
BAR,1
SALTES,1
construct,1
delineate,1
bearings,1
prepare,1
picture,1
equator,1
longitude,1
accomplished,1
forget,1
performed,1
entail,1
agust,1
Odiel,1
twelfth,1
Wise,1
boundary,1
ceased,1
Suma,1
Geografia,1
Enciso,1
mention,1
thai,1
shows,1
ruins,1
relic,1
traces,1
divided,1
arable,1
pastures,1
Ilustrada,1
Lie,1
fuan,1
Mora,1
Sevilla,1
RUDDER,1
unshipped,1
contrivance,1
Gomes,1
Rascon,1
Ouintero,1
dreaded,1
displaying,1
backwardness,1
turbed,1
eased,1
reflected,1
energy,1
ingenuity,1
Lanzarote,1
Opinions,1
varied,1
abled,1
faulty,1
hanging,1
ugust,1
C,1
thoroughly,1
issue,1
honourable,1
Dona,1
Guillen,1
clared,1
remembers,1
beg,1
swore,1
collects,1
rig,1
Niiía,1
death,1
Fernan,1
lordship,1
Doha,1
Enrique,1
tants,1
imaginary,1
isle,1
illusions,1
existence,1
spite,1
ablest,1
employed,1
meat,1
finally,1
tk,1
refers,1
attempts,1
sincerity,1
critical,1
judgment,1
Feijoo,1
refutes,1
stories,1
superstitions,1
Medina,1
Grandezas,1
figured,1
ancient,1
habitants,1
representing,1
berg,1
interposed,1
groundless,1
notions,1
particularly,1
fifteenth,1
sixteenth,1
malignant,1
envy,1
strove,1
detract,1
rumour,1
Biscayan,1
navigator,1
modern,1
contemporary,1
author,1
reality,1
novelty,1
Cladera,1
Investigaciones,1
Históricas,1
refuted,1
pretensions,1
solid,1
reasoning,1
defending,1
retarded,1
reckon,1
duration,1
disheartened,1
interpolation,1
mencement,1
invisible,1
tys,1
denotes,1
directly,1
turns,1
astonishment,1
Rabo,1
flame,1
perate,1
song,1
recently,1
torn,1
aided,1
dejected,1
Ramo,1
Llama,1
fuego,1
ingenious,1
observer,1
allaying,1
fears,1
explaining,1
LOVELY,1
crab,1
Everyone,1
sailers,1
sleeping,1
rabo,1
specious,1
phenomenon,1
surprise,1
decisive,1
proofs,1
meridian,1
explanation,1
stationary,1
plausible,1
circle,1
diameter,1
INDICATIONS,1
pressed,1
onward,1
cloud,1
yjjth,1
drizzling,1
indeed,1
press,1
compass,1
trim,1
pal,1
inn,1
Alcatraz,1
Interpolation,1
exact,1
SARGASSO,1
SEA,1
disappeared,1
whale,1
turning,1
Scarcely,1
excited,1
Part,1
TOSCANELLI,1
CHART,1
dove,1
murmur,1
Jews,1
Egypt,1
murmured,1
Moses,1
delivered,1
Paulo,1
celebrated,1
Florentine,1
astronomer,1
included,1
Ireland,1
read,1
travellers,1
situations,1
FALSE,1
ALARM,1
plot,1
claiming,1
knees,1
Gloria,1
excelsis,1
reckonings,1
bathed,1
vague,1
inaccurate,1
Harrissehas,1
segun,1
parece,1
tenia,1
pintadas,1
Almirante,1
ciertas,1
islas,1
assumes,1
rendering,1
covery,1
America,1
HABITS,1
BIRD,1
rabiforcado,1
vomit,1
swallowed,1
eats,1
maintaining,1
agreeable,1
ysth,1
Four,1
straying,1
Note,1
guardiãs,1
Pointers,1
breaks,1
lines,1
vary,1
agree,1
correctly,1
shower,1
secret,1
BIRDS,1
FLYING,1
FISH,1
Sandpipers,1
More,1
flock,1
hit,1
SIGNS,1
consequently,1
yih,1
pushed,1
forward,1
enjoy,1
whoever,1
hoisted,1
flag,1
gun,1
haze,1
clearing,1
SAV,1
aware,1
DISCONTENT,1
deceptive,1
Thanks,1
balmy,1
Terns,1
ducks,1
Altogether,1
cheered,1
hopes,1
parenthesis,1
geographical,1
complain,1
reed,1
berries,1
breathed,1
afresh,1
castle,1
uncertain,1
gentleman,1
brightly,1
Salcedo,1
disgusted,1
inspector,1
indication,1
admonished,1
cry,1
silk,1
doublet,1
rewards,1
Lucayos,1
renegade,1
gossip,1
Vanez,1
Hernan,1
Matheos,1
lists,1
alleged,1
Ammiraglid,1
wt,1
xxi,1
xii,1
pension,1
dues,1
shambles,1
awarded,1
Watling,1
Lat,1
LANDING,1
Z,1
standard,1
Y,1
leaped,1
secretary,1
faithful,1
testimony,1
declarations,1
largely,1
testimonies,1
follows,1
caps,1
Ysabel,1
ACCOUNT,1
girl,1
thirty,1
tenances,1
tail,1
eyebrows,1
locks,1
bod,1
blade,1
ignorance,1
marks,1
wounds,1
adjacent,1
seizing,1
defended,1
lieved,1
vants,1
curly,1
forehead,1
belly,1
propelled,1
paddle,1
baker,1
shovel,1
capsizes,1
promptly,1
bale,1
tedious,1
attentive,1
hole,1
cups,1
inclination,1
Todos,1
una,1
mano,1
docile,1
ceotis,1
blanca,1
arroba,1
preserving,1
certainty,1
ceuti,1
Ceuta,1
Antilla,1
abounded,1
gems,1
temples,1
palaces,1
golden,1
Hook,1
ill,1
endless,1
palace,1
roofed,1
Chipangu,1
Chinese,1
Japan,1
Yuie,1
voices,1
shouting,1
motion,1
captives,1
subjugated,1
peninsula,1
gardens,1
SANTA,1
MARIA,1
LA,1
hardly,1
determine,1
couid,1
checked,1
clued,1
Deceptive,1
misprint,1
Rum,1
Cay,1
CANOES,1
nonsense,1
invented,1
speed,1
sentence,1
towing,1
adrift,1
skein,1
bracelets,1
NAY,1
tain,1
visiting,1
err,1
fist,1
powdered,1
kneaded,1
inboard,1
honor,1
cion,1
peared,1
drop,1
careful,1
tange,1
mid,1
timbrels,1
maravedi,1
straps,1
ended,1
Samaot,1
resemble,1
domestic,1
tractable,1
subtle,1
bargain,1
Refetar,1
pagamento,1
Regatear,1
sobre,1
precios,1
paga,1
mantles,1
growing,1
twig,1
diversity,1
grafted,1
grafting,1
untended,1
dories,1
blue,1
tints,1
whales,1
lizards,1
goats,1
quadruped,1
Gallos,1
southern,1
quicker,1
insufficient,1
waited,1
Clarence,1
compare,1
bags,1
cosas,1
io,1
Hammocks,1
Hamacas,1
woven,1
lengths,1
twisted,1
esparto,1
Into,1
loop,1
stronger,1
rushes,1
brazo,1
united,1
knot,1
hung,1
knots,1
posts,1
slung,1
yards,1
sling,1
suffices,1
Amacas,1
xiii,1
COURSE,1
ALTERED,1
chimneys,1
lages,1
clouts,1
mastiffs,1
hounds,1
quarrelled,1
sooner,1
heavily,1
ornamental,1
roofs,1
terminated,1
Yieronse,1
tambien,1
algunos,1
pernios,1
mudos,1
pequenos,1
BracheteS,1
brack,1
Lear,1
Act,1
Sc,1
alter,1
seaward,1
Saoniete,1
Hervioso,1
Outside,1
Crooked,1
Hermoso,1
Europe,1
dyes,1
pleasantest,1
rules,1
bouring,1
wears,1
ON,1
Fermoso,1
try,1
Laguna,1
Word,1
Navarette,1
cerla,1
INLAND,1
breakfast,1
perty,1
flocks,1
sorts,1
unhappy,1
lakes,1
skin,1
lances,1
Iguana,1
hiding,1
pin,1
happy,1
skilful,1
Bosio,1
lying,1
Guisay,1
reply,1
earthenware,1
counts,1
Islet,1
indicative,1
entertainment,1
reasonable,1
Gap,1
inspect,1
sonal,1
products,1
tity,1
causing,1
northern,1
wonders,1
spheres,1
delineations,1
Toscanelh,1
LAS,1
ISLÃS,1
ARENA,1
spritsail,1
topsail,1
inspection,1
creased,1
Pieces,1
laced,1
leeches,1
greatness,1
Islãs,1
Arena,1
southward,1
Until,1
impediments,1
brazos,1
middling,1
trunks,1
thatch,1
Ragged,1
Camisa,1
belong,1
cordage,1
horn,1
bone,1
harpoons,1
apparatus,1
hearths,1
purslane,1
amaranth,1
Sicily,1
taKen,1
likely,1
Verdolagas,1
bledas,1
Salvado,1
doubled,1
Luna,1
Vespers,1
doning,1
tents,1
camp,1
regular,1
furniture,1
images,1
Mulas,1
Cabanas,1
Banes,1
Velasquez,1
Asumpcion,1
xiv,1
NARANJO,1
masks,1
carved,1
tamed,1
praising,1
skulls,1
chirping,1
lulled,1
healthy,1
flatness,1
Ships,1
growth,1
Remarking,1
Pena,1
Enamoradas,1
Caratona,1
Caratida,1
Careta,1
Mascarilla,1
applies,1
confident,1
graceful,1
mosque,1
Caini,1
Fava,1
illegible,1
belongs,1
Alto,1
Danue,1
Maximo,1
Wrongly,1
transcribed,1
MS,1
Grand,1
Khan,1
ist,1
sixteen,1
Boca,1
Carabelas,1
grandes,1
Maternillo,1
nucay,1
fro,1
da,1
resided,1
Ave,1
Cavila,1
Bafan,1
Zayto,1
Fokien,1
Fuchau,1
Amoy,1
Quinsay,1
SENT,1
AS,1
Jerez,1
Luis,1
Murcia,1
Jew,1
Hebrew,1
Chaldee,1
Arabic,1
strings,1
inquire,1
health,1
establish,1
favouring,1
vinces,1
rant,1
finds,1
Hangchau,1
Shanghai,1
Mangi,1
Catay,1
careening,1
surrounding,1
dense,1
odoriferous,1
aromatic,1
gazing,1
loveliness,1
listening,1
hunt,1
penalty,1
imposed,1
PRODUCTS,1
enemy,1
beheaded,1
blood,1
intending,1
envoys,1
touching,1
zanahorias,1
pods,1
Things,1
claim,1
specimen,1
dropped,1
becoming,1
stomach,1
solemnity,1
lodged,1
overseer,1
JO,1
REPORT,1
marvelling,1
conducted,1
living,1
sitting,1
bones,1
Finding,1
accompany,1
fancy,1
angry,1
obscure,1
TOBACCO,1
COTTON,1
partridges,1
quadrupeds,1
spun,1
arrobas,1
boll,1
price,1
guileless,1
unwarlike,1
rag,1
ance,1
serene,1
Tobacco,1
squibs,1
Easter,1
Lighted,1
roll,1
chewed,1
inhaled,1
sleepy,1
intoxicated,1
using,1
rolls,1
tabacos,1
hended,1
vice,1
DEPARTUREtFROM,1
Church,1
confess,1
Father,1
Son,1
Ghost,1
mortal,1
heresy,1
Creator,1
pray,1
disposition,1
Amen,1
candles,1
hammers,1
Tierra,1
Firme,1
Caiitaba,1
moreover,1
exploration,1
separate,1
prise,1
Sol,1
mouthpieces,1
idolaters,1
sins,1
murder,1
theft,1
fly,1
Spaniard,1
joke,1
acquisition,1
peoples,1
aunque,1
burlen,1
con,1
ellos,1
MASTICK,1
TREES,1
undoubtedly,1
planted,1
Pliny,1
Archipelago,1
tapped,1
resin,1
tapping,1
flower,1
sale,1
modities,1
Eastern,1
commodity,1
harvest,1
remember,1
walls,1
ducat,1
gs,1
seventeenth,1
Genoa,1
behave,1
occasions,1
perform,1
teach,1
voyages,1
everywhere,1
besought,1
consoled,1
denounces,1
breach,1
intentions,1
Paul,1
Epistle,1
teaches,1
non,1
sunt,1
facienda,1
mala,1
ut,1
bona,1
eveniant,1
iii,1
Certainly,1
inconsiderately,1
merited,1
sorrows,1
pp,1
BEATING,1
UP,1
division,1
dawned,1
inlet,1
freshening,1
Commencing,1
Cristal,1
unreasonable,1
journeys,1
mischances,1
shifted,1
openings,1
risk,1
mile,1
spacious,1
count,1
isles,1
Taxamo,1
ones,1
maps,1
widening,1
Nucstra,1
Seilora,1
diamonds,1
òasa,1
ocean,1
Asia,1
GOOD,1
SEARCH,1
PEARLS,1
mainlands,1
sion,1
washed,1
opinion,1
corner,1
room,1
cost,1
arise,1
taso,1
taxo,1
Resgate,1
Rescate,1
marine,1
SO,1
pig,1
salted,1
springs,1
sources,1
summits,1
meadow,1
nut,1
rats,1
musk,1
cf,1
reverse,1
dozen,1
cipe,1
drifted,1
changing,1
DESERTION,1
suspense,1
adjusted,1
disobedience,1
chose,1
adverse,1
interpolates,1
interest,1
BOHIO,1
joining,1
stretched,1
foreheads,1
ability,1
EXCELLENT,1
examining,1
nearing,1
outlet,1
amidst,1
approaches,1
parallel,1
bench,1
lined,1
MATERIALS,1
REPAIRING,1
SHIPS,1
stream,1
noise,1
sfnn,1
ps,1
ts,1
remembered,1
Tejo,1
junction,1
Just,1
straightness,1
spindles,1
store,1
planks,1
oaks,1
ore,1
yard,1
accommodate,1
hawsers,1
Eyes,1
Mangle,1
WONDERS,1
NEW,1
WORLD,1
descend,1
limpid,1
unspeakable,1
enumerated,1
waters,1
sees,1
Catalina,1
noted,1
Yamanique,1
Jaragua,1
Taco,1
Cayaganueque,1
Nava,1
TALES,1
CARIBS,1
arid,1
ible,1
jectured,1
Bokio,1
Camba,1
Caninia,1
ledge,1
Canibas,1
lied,1
dominions,1
jth,1
NUMEROUS,1
RIVERS,1
singularly,1
attracted,1
gaze,1
undertaken,1
divide,1
seventh,1
sandbanks,1
Proceeding,1
concourse,1
shouts,1
Yunque,1
BEAUTIFUL,1
advance,1
Thinking,1
remaining,1
straw,1
indicating,1
pine,1
dale,1
flow,1
hammer,1
Entering,1
clearness,1
tongues,1
enchantment,1
credible,1
witnesses,1
How,1
misunderstand,1
Moreover,1
pleases,1
learning,1
comprehending,1
idolatry,1
pestilential,1
thank,1
headache,1
illness,1
learned,1
perfectly,1
bears,1
ductions,1
consent,1
stranger,1
undertaking,1
shojyld,1
orchard,1
injured,1
WALKS,1
INTERIOR,1
consequence,1
unacquainted,1
wash,1
continuing,1
exceedingly,1
delights,1
support,1
cake,1
founder,1
lineage,1
SHYNESS,1
scendants,1
digging,1
marched,1
capable,1
sufficiently,1
accuracy,1
Every,1
gales,1
continuance,1
headland,1
fathom,1
Leaving,1
cove,1
spreading,1
path,1
puts,1
evidently,1
omitting,1
suddenly,1
assures,1
apiary,1
advanced,1
intervals,1
shouted,1
assuring,1
slain,1
sheath,1
trembled,1
cowardice,1
pulled,1
mouthfuls,1
peaceable,1
turtle,1
doors,1
rooms,1
Shells,1
ceiling,1
temple,1
climbed,1
EAST,1
END,1
dred,1
ings,1
enters,1
Azules,1
Maid,1
Alpha,1
et,1
Omega,1
Bayatiquiri,1
çS,1
Babcque,1
Looking,1
relate,1
inferred,1
cunning,1
coasted,1
helping,1
occur,1
misunderstood,1
orEspahola,1
LasCasas,1
Prince,1
Ferdinand,1
hoping,1
closed,1
Mole,1
Palmista,1
IOO,1
wheat,1
workshops,1
excellence,1
Although,1
excelled,1
lead,1
appropriate,1
IOI,1
oar,1
limit,1
carracks,1
measured,1
cord,1
gangboards,1
parison,1
watered,1
galleys,1
suspicious,1
daybreak,1
satisfaction,1
cutting,1
tains,1
barley,1
Off,1
landmark,1
conspicuous,1
reminding,1
behold,1
skate,1
resembling,1
Walking,1
myrtles,1
Mosquito,1
prevents,1
wintry,1
habitations,1
circumference,1
upper,1
campaign,1
NAME,1
GIVEN,1
drag,1
endeavour,1
communications,1
hovels,1
collecting,1
coagulate,1
commonest,1
blunders,1
scribe,1
IOÓ,1
DETAINED,1
imply,1
Caritaba,1
clever,1
repeats,1
islanders,1
intelligible,1
rains,1
warmer,1
salmon,1
dory,1
gilt,1
skates,1
corbinas,1
shrimps,1
sardines,1
picturesque,1
Jesus,1
strolled,1
bushes,1
Suddenly,1
Albicres,1
roach,1
Pijota,1
Galician,1
dialect,1
cod,1
Gallo,1
Pâmpano,1
Lisa,1
Camaroncs,1
hawks,1
courteously,1
bour,1
commodities,1
IOS,1
desirous,1
selected,1
fugitives,1
Cariba,1
impressed,1
upwards,1
putting,1
tians,1
radishes,1
cultivate,1
staple,1
roast,1
yam,1
chesnut,1
Gros,1
Morne,1
Tres,1
Reyes,1
empties,1
Paz,1
Pan,1
niames,1
handsomer,1
ditioned,1
whiter,1
regard,1
comparing,1
irrigate,1
sang,1
frogs,1
Gold,1
ful,1
quickness,1
Lanzada,1
Aguda,1
stretches,1
Banequef,1
Elsewhere,1
TIMIDITY,1
Once,1
villagers,1
manned,1
strength,1
hunted,1
Valle,1
Paraíso,1
consist,1
shingle,1
Beccmber,1
pulf,1
former,1
lately,1
companions,1
intelligence,1
conveyed,1
interview,1
aged,1
advised,1
uttered,1
telling,1
YAMS,1
alguazil,1
adding,1
fairly,1
ploughed,1
bullocks,1
carrots,1
knead,1
nutritious,1
leg,1
lusty,1
luxuriant,1
Beatriz,1
Henriquez,1
Dioscorea,1
alata,1
stem,1
woody,1
tissue,1
farinaceous,1
tuber,1
weighs,1
vated,1
orchards,1
interpreters,1
maintained,1
ate,1
mouthful,1
cillors,1
warlike,1
instincts,1
BARTERING,1
Caribas,1
reeds,1
fuls,1
space,1
gentleness,1
lively,1
Il,1
ENQUIRIES,1
AFTER,1
shove,1
threw,1
obediently,1
clothe,1
expect,1
adorned,1
flags,1
feast,1
possibly,1
O,1
commemoration,1
rounds,1
quick,1
walk,1
mature,1
partook,1
dishes,1
drinking,1
lips,1
Feast,1
Hacer,1
salva,1
taster,1
Tl,1
speaking,1
Castilie,1
drapery,1
amber,1
shoes,1
bottle,1
marvellously,1
charm,1
excelente,1
stamped,1
standards,1
RESPECTING,1
saluted,1
guns,1
supported,1
ants,1
sieves,1
fuse,1
mined,1
councillor,1
detain,1
accord,1
jects,1
injure,1
BETWEEN,1
strait,1
Over,1
Brothers,1
vigil,1
alternates,1
capes,1
alto,1
reaches,1
depression,1
El,1
Granja,1
Point,1
Camino,1
u,1
Mountain,1
temperature,1
lasted,1
entrances,1
descending,1
PROOF,1
AGE,1
si,1
express,1
fearing,1
contents,1
praises,1
bestowed,1
perfection,1
oldest,1
passages,1
fixes,1
coverer,1
birth,1
S,1
instance,1
scriber,1
substituting,1
apparently,1
hither,1
cheerfully,1
liberally,1
freely,1
hearty,1
spears,1
clout,1
jealously,1
hide,1
nuts,1
hidden,1
annoy,1
paid,1
anxious,1
devise,1
entertained,1
wmo,1
Caioa,1
TRAISE,1
frankness,1
future,1
governance,1
contradiction,1
intervene,1
seems,1
designs,1
Any,1
awash,1
artificially,1
fringed,1
mar,1
Saint,1
Guacangari,1
Marien,1
steadfast,1
INVITATION,1
bag,1
tongue,1
mission,1
Not,1
differences,1
invitation,1
start,1
superstition,1
endeavoured,1
imposing,1
avaricious,1
grasping,1
bead,1
prohibits,1
exception,1
MISSION,1
simplicity,1
fabrics,1
fat,1
muddy,1
truly,1
fortunate,1
grain,1
porringer,1
nevertheless,1
Take,1
reckoned,1
families,1
wives,1
clemency,1
HOSPITALITY,1
lated,1
Pimta,1
paddles,1
apprise,1
Nitayno,1
lord,1
governor,1
inhabitant,1
relics,1
backs,1
Honorato,1
PEOPLE,1
naming,1
companion,1
Civao,1
addresses,1
gentler,1
rejoice,1
kingdom,1
superlative,1
degree,1
tanned,1
pretty,1
acts,1
obeyed,1
manners,1
gravelly,1
charge,1
forbidden,1
Entrance,1
Açul,1
Ratos,1
SHIPWRECK,1
Punt,1
asleep,1
gently,1
rush,1
launch,1
obeying,1
refuge,1
acting,1
judiciously,1
owner,1
Santoha,1
draughtsman,1
HELP,1
lightened,1
reception,1
extended,1
Fleet,1
inform,1
unload,1
decks,1
actively,1
assisting,1
console,1
needed,1
emptied,1
stowed,1
Armed,1
Conventos,1
spaces,1
timber,1
ribs,1
f,1
stores,1
neighbours,1
sweetest,1
smile,1
memories,1
load,1
discharge,1
honest,1
virtuous,1
Historie,1
xxxii,1
copies,1
shipwreck,1
version,1
differs,1
expressions,1
substance,1
FEAST,1
CJiuq,1
chuq,1
mad,1
dant,1
Espaflola,1
Cantada,1
collation,1
shellfish,1
cazavi,1
pair,1
cleanliness,1
clearly,1
nobility,1
rubbed,1
meal,1
Turkish,1
quiver,1
Cauiba,1
Caribcs,1
steel,1
metal,1
tied,1
trated,1
explosion,1
consolation,1
loss,1
originated,1
disaster,1
fortune,1
FORMED,1
cellar,1
fences,1
subjugate,1
double,1
hopelessly,1
skill,1
readiness,1
luck,1
design,1
mostly,1
neglecting,1
haul,1
obedience,1
ALL,1
STORES,1
SAVED,1
SHIP,1
unsuited,1
obliged,1
complying,1
nail,1
undertake,1
conquer,1
protest,1
profits,1
Jerusalem,1
laugh,1
jtk,1
BUILDING,1
FORT,1
intimate,1
devoted,1
evident,1
hurrying,1
hurry,1
dissimulating,1
conduct,1
matting,1
feint,1
message,1
haste,1
arranging,1
youthful,1
RECEPTION,1
BY,1
CHIEFS,1
Macorix,1
Mayonic,1
Fuma,1
Coroay,1
annoyed,1
washhand,1
basin,1
jug,1
patterns,1
crowns,1
affairs,1
collar,1
cloak,1
provinces,1
Real,1
FUTURE,1
PLANS,1
boots,1
ring,1
finger,1
admired,1
greatly,1
ment,1
Tome,1
recognised,1
mulberries,1
stalk,1
delicate,1
underground,1
grows,1
pear,1
despatch,1
inevitable,1
Yaííez,1
Scuitangel,1
SPICES,1
inconvenience,1
spade,1
prohibited,1
selling,1
spicery,1
mancgueta,1
id,1
apposite,1
versation,1
page,1
skirmish,1
crews,1
strongly,1
recommended,1
jointly,1
regulated,1
governed,1
statue,1
pure,1
embarked,1
official,1
list,1
Mayor,1
tary,1
Bachiller,1
Bernardo,1
Tapia,1
Volunteer,1
Velez,1
Castillo,1
Assayer,1
Alamo,1
Niebla,1
Xeres,1
Tordoya,1
Cabeza,1
Vaca,1
Capilla,1
Almeden,1
Mambles,1
NAVIDAD,1
Seogvia,1
Fray,1
powers,1
provided,1
farther,1
Montalvan,1
Bermeo,1
Godoy,1
Vergara,1
Aranda,1
Henao,1
Jimenes,1
Baraona,1
Belmonte,1
via,1
Guillelmo,1
Irish,1
Galway,1
Gonzales,1
Trigueros,1
Cueva,1
Patino,1
Sarena,1
Barco,1
Carbacho,1
Cáceres,1
Tala,1
vera,1
Sebastian,1
Majorca,1
Tallarte,1
Alard,1
Lajes,1
Englishman,1
Torpa,1
Hernando,1
Porcuna,1
Urminga,1
Morcillo,1
Villar,1
Logrosan,1
Foronda,1
Tristan,1
document,1
kin,1
apply,1
wages,1
Burgos,1
surgeon,1
Maestre,1
MISCONDUCT,1
CAPTAIN,1
acquainted,1
physician,1
tailor,1
staid,1
shipping,1
accident,1
reporting,1
safely,1
hesitate,1
lies,1
deserved,1
impeded,1
wider,1
farewell,1
xx,1
Sicrpe,1
extends,1
explains,1
Tieida,1
Campo,1
Morro,1
Grange,1
booth,1
Los,1
siete,1
Hermanos,1
etc,1
shallowed,1
footmarks,1
Tapion,1
Cabra,1
Anchorage,1
depot,1
mahogany,1
schooners,1
quarry,1
accessible,1
rises,1
disunited,1
Beeerro,1
Becerro,1
chain,1
exaggerated,1
thousandth,1
seldom,1
Rucia,1
REJOINS,1
quarters,1
anchorages,1
influenced,1
insolence,1
loyalty,1
Satan,1
swift,1
parting,1
ringers,1
dividing,1
vinced,1
caulking,1
Alcalá,1
Valladolid,1
weighing,1
pound,1
pounds,1
INSUBORDINATION,1
PINZONS,1
Zth,1
necessaries,1
appointed,1
unmindful,1
deserted,1
disaffection,1
endured,1
silence,1
dissimulate,1
fitting,1
dealing,1
astonishing,1
pulverized,1
drift,1
Yaqui,1
RIVER,1
mixed,1
sticking,1
hoops,1
containing,1
Rojaf,1
Isabelica,1
MERMAIDS,1
turtles,1
eggs,1
buckler,1
Manequeta,1
maizatis,1
Caribean,1
American,1
beings,1
striking,1
rounded,1
cervical,1
vertebras,1
enabling,1
pectoral,1
fins,1
mammalia,1
peculiarities,1
suckling,1
forearm,1
movable,1
congener,1
manali,1
dugong,1
en,1
costa,1
donde,1
se,1
coja,1
quettC,1
Amomum,1
Melequeta,1
herbaceous,1
Sierra,1
Leone,1
Congo,1
Grains,1
Paradise,1
maniguctta,1
Liberia,1
Grain,1
condiment,1
spiced,1
hippocras,1
cwts,1
CONDUCT,1
homeward,1
suffer,1
deeds,1
owe,1
presume,1
ceremony,1
loth,1
misty,1
caraval,1
damage,1
swear,1
Castle,1
Accra,1
pungency,1
cordials,1
anbury,1
Pharmacographia,1
Chuzona,1
chica,1
PLATA,1
Dominicans,1
iv,1
Ovanda,1
decay,1
SIGHT,1
Catib,1
Secar,1
Redondo,1
Buen,1
Tiempo,1
Tajado,1
Padre,1
Hijo,1
Macuris,1
Sesua,1
Roca,1
Escocesa,1
retained,1
Peninsula,1
Yazual,1
BAY,1
scarped,1
Sacro,1
rounding,1
loftier,1
abreast,1
shift,1
conjunction,1
Mercury,1
Cabro,1
Cabron,1
Lover,1
sland,1
Yaqueron,1
ol,1
Cayo,1
Levantados,1
corrupt,1
mistakes,1
buying,1
stained,1
charcoal,1
body,1
caoua,1
nozay,1
Copper,1
Doubtless,1
predicted,1
conditions,1
Old,1
almanack,1
prudently,1
produced,1
effects,1
New,1
Caona,1
dialects,1
Goam,1
notices,1
Canos,1
Canzba,1
audacious,1
comprehended,1
fed,1
plumes,1
staff,1
accordance,1
sold,1
Goani,1
base,1
oro,1
bajo,1
Higney,1
maçaria,1
cleave,1
helmeted,1
brain,1
ENCOUNTER,1
ANA,1
bind,1
rushing,1
guard,1
attacked,1
stab,1
buttocks,1
wounding,1
breast,1
arrow,1
bered,1
vented,1
regretted,1
affair,1
alarm,1
lest,1
habits,1
fearless,1
VESSELS,1
LEAKING,1
token,1
biscuit,1
affirming,1
Matininor,1
keel,1
caulkers,1
caulked,1
badness,1
oblige,1
defect,1
notwithstanding,1
controversy,1
despatched,1
save,1
Him,1
cuentos,1
revenue,1
Martinique,1
calculation,1
INTENDED,1
almighty,1
occurrences,1
tumult,1
difficult,1
finished,1
metals,1
guessing,1
France,1
ARMS,1
vara,1
varas,1
fix,1
anoint,1
herb,1
shoot,1
yew,1
aji,1
wholesome,1
Fifty,1
annually,1
meet,1
Golfo,1
Carlo,1
frightened,1
roam,1
Capsicum,1
Quichua,1
uchii,1
Gulf,1
Arrows,1
Samafta,1
Yuna,1
cated,1
trimmed,1
downhearted,1
deviated,1
reflecting,1
leaking,1
Matiniiw,1
doubted,1
afford,1
leaky,1
condition,1
seasons,1
males,1
females,1
losing,1
Engano,1
lyth,1
iStk,1
yh,1
Caria,1
redoubtable,1
warrior,1
Ponce,1
conqueror,1
Zahara,1
Alhama,1
leaders,1
Henry,1
Crown,1
resumed,1
dukedom,1
grandson,1
successor,1
Arcos,1
fisheries,1
Rota,1
inherited,1
occasional,1
slants,1
Ma,1
b,1
closing,1
narrowing,1
sphere,1
perhaps,1
changeable,1
allowances,1
applied,1
provide,1
spars,1
deserting,1
commander,1
motives,1
heavens,1
clouded,1
Other,1
wrongly,1
copied,1
allowing,1
changes,1
shark,1
welcome,1
tack,1
ystli,1
rolling,1
prevented,1
threatening,1
rainy,1
sticks,1
Fayal,1
Gregório,1
Terceira,1
till,1
PILOTS,1
Sancho,1
Ruiz,1
plotted,1
rear,1
Nafe,1
wtJi,1
owning,1
JZ,1
managed,1
tempestuous,1
crossing,1
shaking,1
headway,1
stove,1
closely,1
Meanwhile,1
VOWS,1
PILGRIMAGES,1
lanterns,1
harder,1
weight,1
shaken,1
bean,1
bound,1
fulfil,1
Loreto,1
Ancona,1
Papal,1
territory,1
pay,1
travelling,1
expenses,1
agreed,1
Clara,1
Moguer,1
ae,1
Bayona,1
Galicia,1
Nifia,1
Fuesse,1
su,1
é,1
murió,1
desde,1
poças,1
dias,1
porque,1
yba,1
muy,1
doliente,1
vi,1
frequented,1
dedicated,1
Besides,1
vows,1
suffering,1
consumption,1
barrels,1
writes,1
perish,1
salvation,1
stinging,1
insect,1
thwart,1
attributes,1
Divine,1
Providence,1
forted,1
mercies,1
vouchsafed,1
desires,1
adversity,1
permit,1
completion,1
Especially,1
voice,1
protested,1
valour,1
weakness,1
tranquillity,1
mind,1
studies,1
strange,1
services,1
perous,1
perished,1
waxed,1
securely,1
countries,1
mangroves,1
ante,1
devotion,1
showers,1
squalls,1
confused,1
Last,1
slightly,1
headed,1
dell,1
Ammiraglio,1
duplicate,1
sink,1
Historic,1
xxxvi,1
Lamartine,1
Christophc,1
xlvii,1
curious,1
unauthenticated,1
overboard,1
Lafuente,1
Historia,1
General,1
vol,1
credit,1
holes,1
leech,1
studding,1
tacked,1
mist,1
tacking,1
repeating,1
ver,1
sore,1
exposure,1
Air,1
Major,1
Hakluyt,1
Society,1
Select,1
Letters,1
Treasurer,1
Aragon,1
brief,1
compendia,1
Quaritch,1
folio,1
Ambrosian,1
Library,1
Milan,1
quarto,1
Simancas,1
script,1
Saiichez,1
bought,1
Varnhagen,1
Valencia,1
Latin,1
Leander,1
Cosco,1
Rome,1
Naples,1
RECKONING,1
wet,1
iStã,1
wondered,1
escaped,1
pretended,1
mislead,1
pricked,1
fact,1
igth,1
Lorenzo,1
Si,1
hailed,1
carnival,1
Castaricda,1
refreshments,1
sengers,1
midst,1
obligation,1
chapel,1
Believing,1
peaceful,1
confiding,1
offers,1
existed,1
priest,1
compliance,1
suspecting,1
accomplish,1
horsemen,1
dismount,1
seize,1
assurance,1
rage,1
detention,1
displease,1
guese,1
territories,1
recommendation,1
commissions,1
signatures,1
attested,1
seals,1
amity,1
surrender,1
severely,1
punished,1
AMONG,1
AZORES,1
moved,1
disagreement,1
reasonably,1
witness,1
promising,1
waste,1
unfavourable,1
REASONABLE,1
seamanship,1
encountered,1
concluding,1
observes,1
sacred,1
theologians,1
terrestrial,1
paradise,1
Hence,1
ud,1
oj,1
edge,1
hailing,1
priests,1
scrivener,1
SPANIARDS,1
RELEASED,1
civility,1
authority,1
execution,1
contented,1
ço,1
ot,1
eagle,1
shifting,1
squall,1
lots,1
pilgrim,1
Cinta,1
poles,1
neighbourhood,1
expecting,1
overwhelmed,1
prayed,1
ported,1
TAGUS,1
Cascaes,1
praying,1
miracle,1
Flanders,1
ruffians,1
robbery,1
unfrequented,1
ih,1
Bartolomé,1
Diaz,1
postscript,1
VISITORS,1
allowed,1
Admirals,1
die,1
tone,1
Kings,1
Dama,1
officer,1
trumpets,1
drums,1
heavenly,1
laboured,1
KING,1
PORTUGAL,1
Norona,1
suspicion,1
Valparaiso,1
pleasantly,1
successful,1
termination,1
Lamina,1
Affbnso,1
V,1
correspondence,1
quoting,1
historian,1
Resende,1
courtiers,1
Quarrel,1
INTERVIEW,1
QUEEN,1
proclaimed,1
graciously,1
arbitrators,1
assigned,1
guest,1
Prior,1
Crato,1
favours,1
civilities,1
Sundav,1
repeated,1
versed,1
ordering,1
messages,1
friendliness,1
Noroha,1
Villafranca,1
kiss,1
Leonor,1
Viseu,1
uncle,1
traitor,1
Kins,1
PALOS,1
esquire,1
lodgings,1
mule,1
espadi,1
ics,1
flood,1
Marcli,1
Furon,1
becomes,1
CONCLUSION,1
permitted,1
assuredly,1
firm,1
sin,1
setting,1
court,1
opinions,1
folly,1
final,1
